collision_id,vehicle_1,vehicle_2,vehicle_3,contributing_vehicle_1,contributing_vehicle_2,contributing_vehicle_3
4456314,Sedan,,,Unspecified,,
4486609,,,,,,
4486660,Sedan,Sedan,,Unspecified,Unspecified,
4487074,Sedan,,,Driver Inexperience,Unspecified,
4486519,Sedan,Station Wagon/Sport Utility Vehicle,,Passing Too Closely,Unspecified,
4487127,Sedan,Station Wagon/Sport Utility Vehicle,,Turning Improperly,Unspecified,
4486635,Sedan,Sedan,,Reaction to Uninvolved Vehicle,Unspecified,
4486604,Tanker,Station Wagon/Sport Utility Vehicle,,Passing Too Closely,Unspecified,
4486991,Sedan,,,Steering Failure,,
4487040,Station Wagon/Sport Utility Vehicle,Sedan,,Unspecified,Unspecified,
4486905,Station Wagon/Sport Utility Vehicle,,,Following Too Closely,Unspecified,
4486967,Sedan,,,Unspecified,,
4487001,Sedan,Sedan,,Unspecified,Unspecified,
4486516,Sedan,,,Unspecified,,
4486605,Sedan,,,Passing Too Closely,Unspecified,
4487052,Sedan,Bike,,Unspecified,Unspecified,
4486556,Bus,Station Wagon/Sport Utility Vehicle,,Passing or Lane Usage Improper,Unspecified,
4486875,Taxi,,,Driver Inattention/Distraction,Unspecified,
4486933,Station Wagon/Sport Utility Vehicle,,,Passing Too Closely,Unspecified,
4545699,Sedan,,,Oversized Vehicle,Unspecified,
4522015,Station Wagon/Sport Utility Vehicle,,,Unspecified,,
4521460,Sedan,Station Wagon/Sport Utility Vehicle,,Unsafe Lane Changing,Unspecified,
4522156,Taxi,Station Wagon/Sport Utility Vehicle,,Alcohol Involvement,Unspecified,
4521633,Sedan,,,Driver Inattention/Distraction,Unspecified,
4521801,Sedan,,,Driver Inattention/Distraction,Unspecified,
4522285,Sedan,,,Unspecified,Unspecified,
4521853,Station Wagon/Sport Utility Vehicle,Bike,,View Obstructed/Limited,Unspecified,
4522228,Sedan,Pick-up Truck,,Unspecified,Unspecified,
4522167,Station Wagon/Sport Utility Vehicle,Station Wagon/Sport Utility Vehicle,,Traffic Control Disregarded,Unspecified,
4522136,Station Wagon/Sport Utility Vehicle,,,Failure to Yield Right-of-Way,,
4521859,Sedan,,,Aggressive Driving/Road Rage,,
4521590,Sedan,Sedan,,Driver Inattention/Distraction,Driver Inattention/Distraction,
4521684,Sedan,Sedan,,Driver Inattention/Distraction,Unspecified,
4521858,Ambulance,Station Wagon/Sport Utility Vehicle,,Reaction to Uninvolved Vehicle,Unspecified,
4522242,Sedan,Station Wagon/Sport Utility Vehicle,,Driver Inattention/Distraction,Passing or Lane Usage Improper,
4485150,Bike,,,Driver Inattention/Distraction,Unspecified,
4485026,Sedan,,,Alcohol Involvement,,
4485333,Sedan,Ambulance,,Driver Inattention/Distraction,Driver Inattention/Distraction,
4485234,Taxi,Station Wagon/Sport Utility Vehicle,,Failure to Yield Right-of-Way,Unspecified,
4485355,Sedan,Bike,,Driver Inattention/Distraction,Driver Inattention/Distraction,
4485581,Sedan,Pick-up Truck,,Unsafe Speed,Unspecified,
4485866,Sedan,,,Passing or Lane Usage Improper,Unspecified,
4485437,,,,Following Too Closely,Unspecified,
4485408,Sedan,,,Unspecified,,
4484852,Station Wagon/Sport Utility Vehicle,Bike,,Following Too Closely,Reaction to Uninvolved Vehicle,
4485542,Box Truck,Bike,,Passing or Lane Usage Improper,Unspecified,
4484906,Sedan,,,Pavement Slippery,,
4485565,Sedan,,,View Obstructed/Limited,,
4485340,Station Wagon/Sport Utility Vehicle,Station Wagon/Sport Utility Vehicle,,Oversized Vehicle,Unspecified,
4485077,Sedan,,,Illnes,,
4485090,Sedan,Sedan,,Traffic Control Disregarded,Traffic Control Disregarded,
4513697,Sedan,Sedan,,Driver Inattention/Distraction,Unspecified,
4513935,Sedan,Moped,,Traffic Control Disregarded,Unspecified,
4513794,Station Wagon/Sport Utility Vehicle,Sedan,,Lost Consciousness,Unspecified,
4514267,Station Wagon/Sport Utility Vehicle,Bus,,Following Too Closely,Unspecified,
4514237,Motorcycle,Sedan,,Following Too Closely,Unspecified,
4513470,Station Wagon/Sport Utility Vehicle,Station Wagon/Sport Utility Vehicle,,Failure to Yield Right-of-Way,Unspecified,
4513751,Sedan,,,Driver Inattention/Distraction,Unspecified,
4514075,Station Wagon/Sport Utility Vehicle,Station Wagon/Sport Utility Vehicle,,Failure to Yield Right-of-Way,Unspecified,
4513857,Station Wagon/Sport Utility Vehicle,,,Unspecified,,
4514202,Station Wagon/Sport Utility Vehicle,,,Alcohol Involvement,Unspecified,
4514347,Sedan,,,Driver Inattention/Distraction,Unspecified,
4513495,Sedan,Station Wagon/Sport Utility Vehicle,,Unsafe Speed,Unspecified,
4513874,Station Wagon/Sport Utility Vehicle,Motorcycle,,Unsafe Speed,Unspecified,
4514323,Station Wagon/Sport Utility Vehicle,Station Wagon/Sport Utility Vehicle,Sedan,Other Vehicular,Following Too Closely,Unspecified
4514182,Sedan,,,Unspecified,,
4513515,Station Wagon/Sport Utility Vehicle,Taxi,Sedan,Brakes Defective,Unspecified,Unspecified
4513663,Station Wagon/Sport Utility Vehicle,,,Failure to Yield Right-of-Way,,
4513953,Station Wagon/Sport Utility Vehicle,Sedan,,Passing Too Closely,Unspecified,
4513985,Sedan,Sedan,,Driver Inattention/Distraction,Driver Inattention/Distraction,
4514084,Sedan,Station Wagon/Sport Utility Vehicle,,Passing or Lane Usage Improper,Unspecified,
4514144,E-Scooter,Sedan,,Following Too Closely,Following Too Closely,
4513564,Box Truck,Station Wagon/Sport Utility Vehicle,,Driver Inattention/Distraction,Unspecified,
4513587,Station Wagon/Sport Utility Vehicle,Station Wagon/Sport Utility Vehicle,,Backing Unsafely,Unspecified,
4513565,,,,,,
4513637,Sedan,Sedan,,Driver Inattention/Distraction,Unspecified,
4513833,Sedan,Sedan,Station Wagon/Sport Utility Vehicle,Driver Inattention/Distraction,Unspecified,Unspecified
4513887,Station Wagon/Sport Utility Vehicle,Sedan,,Following Too Closely,Unspecified,
4513774,Station Wagon/Sport Utility Vehicle,Station Wagon/Sport Utility Vehicle,,Driver Inattention/Distraction,Unspecified,
4514376,Sedan,Sedan,Sedan,Unspecified,Unspecified,Unspecified
4513982,Sedan,,,Unspecified,,
4513664,Sedan,,,Unspecified,,
4513725,Station Wagon/Sport Utility Vehicle,,,Unspecified,,
4514298,Sedan,,,Unspecified,,
4513573,Sedan,Sedan,,Unspecified,Unspecified,
4514201,Sedan,Sedan,,Turning Improperly,Unspecified,
4514125,Station Wagon/Sport Utility Vehicle,Station Wagon/Sport Utility Vehicle,,Unspecified,Unspecified,
4514278,Sedan,Sedan,,Driver Inattention/Distraction,Unspecified,
4513803,Sedan,Station Wagon/Sport Utility Vehicle,,Passing Too Closely,Unspecified,
4513878,Station Wagon/Sport Utility Vehicle,Sedan,Station Wagon/Sport Utility Vehicle,Driver Inattention/Distraction,Unspecified,Unspecified
4513735,E-Bike,BOX VAN,,Passenger Distraction,Unspecified,
4513958,Station Wagon/Sport Utility Vehicle,Sedan,,Failure to Yield Right-of-Way,Unspecified,
4514367,Sedan,Sedan,,Unspecified,Unspecified,
4513681,Station Wagon/Sport Utility Vehicle,Station Wagon/Sport Utility Vehicle,,Passing or Lane Usage Improper,Unspecified,
4513923,Sedan,Sedan,,Backing Unsafely,Unspecified,
4513752,Sedan,,,Backing Unsafely,Unspecified,
4513860,Station Wagon/Sport Utility Vehicle,Station Wagon/Sport Utility Vehicle,,Passing or Lane Usage Improper,Unspecified,
4514251,Sedan,Station Wagon/Sport Utility Vehicle,,Driver Inattention/Distraction,Unspecified,
4514302,Sedan,,,Backing Unsafely,,
4513708,Sedan,Taxi,,Passing or Lane Usage Improper,Unspecified,
4514189,Station Wagon/Sport Utility Vehicle,Sedan,,Following Too Closely,Unspecified,
4513496,Station Wagon/Sport Utility Vehicle,Station Wagon/Sport Utility Vehicle,,Fell Asleep,Unspecified,
4513680,Taxi,Sedan,,Failure to Yield Right-of-Way,Unspecified,
4513861,Sedan,,,Driver Inattention/Distraction,Unspecified,
4514326,Station Wagon/Sport Utility Vehicle,Sedan,,Driver Inattention/Distraction,Unspecified,
4513739,Bike,,,Failure to Yield Right-of-Way,Unspecified,
4514180,Station Wagon/Sport Utility Vehicle,Sedan,,Driver Inattention/Distraction,Unspecified,
4514209,Station Wagon/Sport Utility Vehicle,Sedan,,Unsafe Speed,Unspecified,
4513795,Sedan,,,Unsafe Speed,,
4513572,Station Wagon/Sport Utility Vehicle,,,Passing or Lane Usage Improper,Unspecified,
4513591,Sedan,Sedan,,Unspecified,Unspecified,
4513701,Station Wagon/Sport Utility Vehicle,4 dr sedan,,Traffic Control Disregarded,Unspecified,
4514155,Taxi,Sedan,,Following Too Closely,Unspecified,
4514334,Sedan,,,Unspecified,,
4513548,Sedan,,,Unspecified,,
4514046,Station Wagon/Sport Utility Vehicle,Station Wagon/Sport Utility Vehicle,,Following Too Closely,Unspecified,
4513581,Station Wagon/Sport Utility Vehicle,Sedan,,Unsafe Speed,Unspecified,
4513772,Bike,,,Unsafe Speed,,
4514221,Sedan,Sedan,,Driver Inattention/Distraction,Driver Inattention/Distraction,
4514277,Sedan,Bike,,Turning Improperly,Unspecified,
4514166,Sedan,,,Passing or Lane Usage Improper,Unspecified,
4513782,Sedan,Station Wagon/Sport Utility Vehicle,,Passing or Lane Usage Improper,Unspecified,
4514390,Station Wagon/Sport Utility Vehicle,,,Unspecified,,
4513994,Box Truck,Sedan,,Following Too Closely,Unspecified,
4513503,Taxi,Station Wagon/Sport Utility Vehicle,,Driver Inattention/Distraction,Unspecified,
4514151,Sedan,,,Unspecified,,
4514070,Sedan,,,Unspecified,,
4513952,Station Wagon/Sport Utility Vehicle,Station Wagon/Sport Utility Vehicle,Station Wagon/Sport Utility Vehicle,Alcohol Involvement,Unspecified,Unspecified
4513827,Sedan,Sedan,,Unsafe Speed,Unspecified,
4457012,Station Wagon/Sport Utility Vehicle,,,Passing or Lane Usage Improper,Unspecified,
4457022,Station Wagon/Sport Utility Vehicle,Station Wagon/Sport Utility Vehicle,,Unspecified,Unspecified,
4456987,Station Wagon/Sport Utility Vehicle,,,Unspecified,,
4456970,,,,Backing Unsafely,,
4485574,Sedan,,,Unspecified,Unspecified,
4485637,Sedan,Station Wagon/Sport Utility Vehicle,,Unspecified,Unspecified,Unspecified
4484996,Convertible,,,Unspecified,,
4485177,Sedan,Station Wagon/Sport Utility Vehicle,,Driver Inattention/Distraction,Unspecified,
4485668,Ambulance,Sedan,,Unsafe Lane Changing,Unspecified,
4485385,Station Wagon/Sport Utility Vehicle,Tanker,,Driver Inattention/Distraction,Unspecified,
4484892,Station Wagon/Sport Utility Vehicle,Sedan,,Passing Too Closely,Unspecified,
4485893,Station Wagon/Sport Utility Vehicle,Station Wagon/Sport Utility Vehicle,,Other Vehicular,Other Vehicular,
4485586,Sedan,,,Unspecified,,
4485696,Sedan,AMBULANCE,,Unspecified,Unspecified,
4485914,Station Wagon/Sport Utility Vehicle,Taxi,,Unsafe Speed,Unspecified,
4485539,Sedan,,,Unspecified,,
4485153,Taxi,Bike,,Following Too Closely,Unspecified,
4484897,Station Wagon/Sport Utility Vehicle,Station Wagon/Sport Utility Vehicle,Station Wagon/Sport Utility Vehicle,Unspecified,Unspecified,Unspecified
4456686,Station Wagon/Sport Utility Vehicle,Station Wagon/Sport Utility Vehicle,,Passing or Lane Usage Improper,Unspecified,
4456588,Station Wagon/Sport Utility Vehicle,,,Driver Inexperience,,
4456879,Station Wagon/Sport Utility Vehicle,,,Unspecified,,
4455749,Sedan,Sedan,,Alcohol Involvement,Unspecified,
4456087,Sedan,,,Unspecified,,
4456941,Station Wagon/Sport Utility Vehicle,DL,,Passing Too Closely,Unspecified,
4456435,Sedan,Station Wagon/Sport Utility Vehicle,,Turning Improperly,Unspecified,
4456181,Sedan,Sedan,,Passing or Lane Usage Improper,Unspecified,
4456191,Station Wagon/Sport Utility Vehicle,Sedan,,Unspecified,,
4456821,Sedan,Station Wagon/Sport Utility Vehicle,,Unspecified,Unspecified,
4456608,Sedan,Sedan,,Lost Consciousness,Unspecified,
4455832,Station Wagon/Sport Utility Vehicle,Station Wagon/Sport Utility Vehicle,Sedan,Unspecified,Unspecified,Unspecified
4456735,Sedan,Station Wagon/Sport Utility Vehicle,,Passing or Lane Usage Improper,Unspecified,
4456734,Sedan,Station Wagon/Sport Utility Vehicle,,Driver Inattention/Distraction,Unspecified,
4456323,Sedan,,,Unspecified,,
4456889,Sedan,Station Wagon/Sport Utility Vehicle,,Driver Inattention/Distraction,Unspecified,
4456679,Sedan,Sedan,,Driver Inexperience,Unspecified,
4456498,Station Wagon/Sport Utility Vehicle,Station Wagon/Sport Utility Vehicle,,Following Too Closely,Unspecified,
4455941,Sedan,,,Unspecified,,
4456778,Sedan,Sedan,,Failure to Yield Right-of-Way,Unsafe Speed,
4455883,Station Wagon/Sport Utility Vehicle,Station Wagon/Sport Utility Vehicle,,Traffic Control Disregarded,Unspecified,
4456627,Station Wagon/Sport Utility Vehicle,,,Other Vehicular,,
4456812,Sedan,Bus,,Unspecified,Unspecified,
4455894,Station Wagon/Sport Utility Vehicle,Refrigerated Van,,Unspecified,Unspecified,
4456742,Sedan,,,Backing Unsafely,Unspecified,
4455969,Station Wagon/Sport Utility Vehicle,Sedan,,Following Too Closely,Unspecified,
4455841,Station Wagon/Sport Utility Vehicle,Bike,,Passing or Lane Usage Improper,Other Vehicular,
4456204,Sedan,Sedan,,Backing Unsafely,Unspecified,
4456683,Sedan,,,Driver Inattention/Distraction,,
4456865,Flat Bed,Station Wagon/Sport Utility Vehicle,Station Wagon/Sport Utility Vehicle,Driver Inattention/Distraction,Driver Inattention/Distraction,Unspecified
4456389,Taxi,Station Wagon/Sport Utility Vehicle,,Following Too Closely,Unspecified,
4456512,Station Wagon/Sport Utility Vehicle,,,Backing Unsafely,,
4455949,Station Wagon/Sport Utility Vehicle,Sedan,,Unsafe Speed,Passing or Lane Usage Improper,
4456097,Station Wagon/Sport Utility Vehicle,Station Wagon/Sport Utility Vehicle,,Failure to Yield Right-of-Way,Unspecified,
4456623,Sedan,,,Driver Inattention/Distraction,Unspecified,
4456775,Sedan,Station Wagon/Sport Utility Vehicle,,Failure to Yield Right-of-Way,Unspecified,
4456664,Sedan,,,Driver Inattention/Distraction,Unspecified,
4456567,Sedan,,,Obstruction/Debris,,
4456628,E-Bike,,,Driver Inexperience,,
4455985,Sedan,,,Unspecified,,
4456655,Sedan,,,View Obstructed/Limited,,
4456058,Station Wagon/Sport Utility Vehicle,Bus,,Unspecified,Unspecified,
4456600,Sedan,Sedan,,Unspecified,Unspecified,
4455907,Sedan,Sedan,,Passing or Lane Usage Improper,Unspecified,
4456549,Station Wagon/Sport Utility Vehicle,,,Unspecified,,
4456480,Sedan,,,Aggressive Driving/Road Rage,Unspecified,
4456829,Motorcycle,Sedan,,Backing Unsafely,Unspecified,
4456660,Station Wagon/Sport Utility Vehicle,Sedan,,Unspecified,Unspecified,
4408080,Sedan,,,Unspecified,,
4456543,Taxi,Station Wagon/Sport Utility Vehicle,,Driver Inattention/Distraction,Unspecified,
4456592,Sedan,,,Driver Inattention/Distraction,,
4456140,Station Wagon/Sport Utility Vehicle,,,Unsafe Speed,,
4456577,Sedan,E-Bike,,Alcohol Involvement,Unspecified,
4456200,Sedan,Sedan,,Failure to Yield Right-of-Way,Unspecified,
4456687,Sedan,Sedan,,Unsafe Speed,Unspecified,
4456692,Station Wagon/Sport Utility Vehicle,Sedan,,Failure to Yield Right-of-Way,Unspecified,
4456921,Sedan,Sedan,,Driver Inattention/Distraction,Driver Inattention/Distraction,
4456619,Sedan,,,Unspecified,,
4456001,Station Wagon/Sport Utility Vehicle,,,Driver Inattention/Distraction,Unspecified,
4456560,Station Wagon/Sport Utility Vehicle,Station Wagon/Sport Utility Vehicle,,Passing Too Closely,Unspecified,
4456632,Sedan,Sedan,,Turning Improperly,Unspecified,Unspecified
4456279,Station Wagon/Sport Utility Vehicle,Station Wagon/Sport Utility Vehicle,Sedan,Driver Inattention/Distraction,Unspecified,Unspecified
4456768,E-Bike,Sedan,,Driver Inattention/Distraction,Unspecified,
4456183,Sedan,Sedan,,Backing Unsafely,Unspecified,
4455757,Sedan,Station Wagon/Sport Utility Vehicle,,Unspecified,Unspecified,
4456604,Station Wagon/Sport Utility Vehicle,Station Wagon/Sport Utility Vehicle,,Driver Inexperience,Unspecified,
4457032,Sedan,,,Driver Inattention/Distraction,Unspecified,
4456651,Sedan,Sedan,,Other Vehicular,Unspecified,
4456572,Station Wagon/Sport Utility Vehicle,Station Wagon/Sport Utility Vehicle,,Following Too Closely,Unspecified,
4456851,Box Truck,Sedan,Sedan,Driver Inattention/Distraction,Unspecified,Unspecified
4455822,Station Wagon/Sport Utility Vehicle,Taxi,,Unspecified,Unspecified,
4455993,Ambulance,Bike,,Driver Inattention/Distraction,Unspecified,
4456721,Sedan,,,Driver Inattention/Distraction,,
4456186,Sedan,,,Unspecified,,
4456819,Motorcycle,,,Unspecified,,
4456609,Station Wagon/Sport Utility Vehicle,E-Bike,,Driver Inattention/Distraction,Unspecified,
4456078,Station Wagon/Sport Utility Vehicle,Sedan,,Failure to Yield Right-of-Way,Unspecified,
4456529,Sedan,,,Driver Inexperience,Unspecified,
4456726,Taxi,,,Driver Inexperience,,
4456558,Station Wagon/Sport Utility Vehicle,,,Passing or Lane Usage Improper,Unspecified,
4456705,Sedan,,,Driver Inexperience,,
4456688,Sedan,,,Tinted Windows,,
4455904,Sedan,Tow Truck / Wrecker,,Driver Inattention/Distraction,Unspecified,
4455927,Dump,Sedan,,Passing Too Closely,Unspecified,
4456395,,,,Driver Inattention/Distraction,,
4456636,Station Wagon/Sport Utility Vehicle,Tractor Truck Diesel,,Driver Inattention/Distraction,Unspecified,
4456036,Sedan,Sedan,Sedan,Aggressive Driving/Road Rage,Aggressive Driving/Road Rage,Unspecified
4456791,Taxi,Sedan,Sedan,Unspecified,Unspecified,Unspecified
4456614,Motorcycle,,,Driver Inattention/Distraction,Unspecified,
4456313,Sedan,Sedan,Sedan,Fell Asleep,Unspecified,Unspecified
4455916,Sedan,,,Unspecified,,
4456953,Sedan,E-Scooter,,Unspecified,Unspecified,
4456700,Sedan,,,Unspecified,,
4456810,Sedan,E-Bike,,Driver Inattention/Distraction,Unspecified,
4456668,Station Wagon/Sport Utility Vehicle,,,Backing Unsafely,Unspecified,
4456663,Pick-up Truck,,,Unspecified,Unspecified,
4456563,Station Wagon/Sport Utility Vehicle,,,Unspecified,,
4456656,Sedan,Station Wagon/Sport Utility Vehicle,Sedan,Unsafe Speed,Unspecified,Unspecified
4456388,Sedan,Station Wagon/Sport Utility Vehicle,,Driver Inattention/Distraction,Unspecified,Unspecified
4456757,Sedan,Motorcycle,,Driver Inattention/Distraction,Unspecified,Unspecified
4456511,Sedan,,,Backing Unsafely,,
4456741,Sedan,Station Wagon/Sport Utility Vehicle,,Unsafe Speed,Unspecified,
4455973,E-Bike,Station Wagon/Sport Utility Vehicle,,Failure to Yield Right-of-Way,Unspecified,
4456695,Sedan,,,Unspecified,,
4456420,Sedan,Sedan,,Unspecified,Unspecified,
4456317,Tow Truck / Wrecker,Sedan,,Unspecified,Unspecified,
4456781,Sedan,,,Unsafe Speed,,
4457006,Station Wagon/Sport Utility Vehicle,E-Bike,,Unsafe Lane Changing,Driver Inattention/Distraction,
4456667,Sedan,,,Passing or Lane Usage Improper,Unspecified,
4456885,Station Wagon/Sport Utility Vehicle,,,Driver Inattention/Distraction,,
4456595,Pick-up Truck,Bike,,Pedestrian/Bicyclist/Other Pedestrian Error/Confusion,Unspecified,
4456980,Sedan,Sedan,Sedan,Driver Inattention/Distraction,Unspecified,Unspecified
4456203,Station Wagon/Sport Utility Vehicle,Station Wagon/Sport Utility Vehicle,Sedan,Unsafe Speed,Unspecified,Unspecified
4456678,Station Wagon/Sport Utility Vehicle,,,Passing Too Closely,Unspecified,
4514217,Sedan,Sedan,,Driver Inattention/Distraction,Unspecified,
4456903,Sedan,,,Failure to Yield Right-of-Way,,
4456982,Sedan,E-Bike,,Driver Inattention/Distraction,Driver Inattention/Distraction,
4456104,Box Truck,,,Driver Inexperience,,
4456860,Pick-up Truck,,,Driver Inattention/Distraction,Unspecified,
4455840,Pick-up Truck,Sedan,Station Wagon/Sport Utility Vehicle,Driver Inattention/Distraction,Unspecified,Unspecified
4456235,Sedan,Bike,,Driver Inattention/Distraction,Unspecified,
4455935,Sedan,Chassis Cab,,Driver Inexperience,Unspecified,
4456710,E-Bike,E-Bike,,Driver Inattention/Distraction,Unspecified,
4457021,Sedan,Sedan,,Unspecified,Unspecified,
4456296,Station Wagon/Sport Utility Vehicle,Station Wagon/Sport Utility Vehicle,,Driver Inattention/Distraction,Unspecified,
4456227,Sedan,Station Wagon/Sport Utility Vehicle,,Unspecified,Unspecified,
4456682,Sedan,,,Unspecified,,
4456134,Sedan,Station Wagon/Sport Utility Vehicle,,Following Too Closely,Unspecified,
4456605,Sedan,,,Passing Too Closely,Unspecified,
4456699,Bus,Station Wagon/Sport Utility Vehicle,,Failure to Yield Right-of-Way,Unspecified,
4456650,Sedan,,,Traffic Control Disregarded,Unspecified,
4456752,Station Wagon/Sport Utility Vehicle,Station Wagon/Sport Utility Vehicle,Station Wagon/Sport Utility Vehicle,Animals Action,Unspecified,Unspecified
4456637,Station Wagon/Sport Utility Vehicle,,,Passing Too Closely,Unspecified,
4456769,Sedan,Sedan,,Driver Inattention/Distraction,Unspecified,
4455912,Sedan,Sedan,,Driver Inattention/Distraction,Following Too Closely,
4455917,Taxi,Box Truck,,Driver Inattention/Distraction,Driver Inattention/Distraction,
4136992,ï¿½MBU,Taxi,,Passing or Lane Usage Improper,Unspecified,
4395664,Station Wagon/Sport Utility Vehicle,,,Unspecified,Unspecified,
4403773,Sedan,Sedan,,Driver Inexperience,Unspecified,
4405244,Station Wagon/Sport Utility Vehicle,Station Wagon/Sport Utility Vehicle,,Failure to Yield Right-of-Way,Unsafe Speed,
4407778,Sedan,Ambulance,,Following Too Closely,Unspecified,
4407407,Station Wagon/Sport Utility Vehicle,,,Turning Improperly,Unspecified,
4407900,Sedan,Sedan,,Unspecified,Unspecified,
4407746,Sedan,Station Wagon/Sport Utility Vehicle,,Unspecified,Unspecified,
4408143,Station Wagon/Sport Utility Vehicle,Station Wagon/Sport Utility Vehicle,,Unsafe Speed,Unspecified,
4407638,Sedan,Van,,Following Too Closely,Unspecified,
4407958,Sedan,,,Backing Unsafely,Unspecified,
4407885,Station Wagon/Sport Utility Vehicle,Sedan,,Driver Inattention/Distraction,Unspecified,
4407616,Sedan,Station Wagon/Sport Utility Vehicle,,Driver Inattention/Distraction,Driver Inattention/Distraction,
4408038,Station Wagon/Sport Utility Vehicle,Station Wagon/Sport Utility Vehicle,Station Wagon/Sport Utility Vehicle,Unspecified,Unspecified,Unspecified
4408224,Sedan,Station Wagon/Sport Utility Vehicle,,Driver Inattention/Distraction,Unspecified,
4407392,Pick-up Truck,,,Passing or Lane Usage Improper,Unspecified,
4456603,Station Wagon/Sport Utility Vehicle,Station Wagon/Sport Utility Vehicle,,Passing Too Closely,Unspecified,Unspecified
4407821,Sedan,Sedan,,Passing Too Closely,Unspecified,
4407430,Station Wagon/Sport Utility Vehicle,Sedan,,Steering Failure,Unspecified,
4408259,Sedan,,,Failure to Yield Right-of-Way,,
4407049,Sedan,,,Unspecified,,
4407592,Station Wagon/Sport Utility Vehicle,Station Wagon/Sport Utility Vehicle,,Traffic Control Disregarded,Unspecified,
4407674,Sedan,,,Unspecified,,
4408396,Station Wagon/Sport Utility Vehicle,Station Wagon/Sport Utility Vehicle,,Drugs (illegal),Unspecified,
4407792,Station Wagon/Sport Utility Vehicle,Bike,,Turning Improperly,Unspecified,
4407853,Sedan,Station Wagon/Sport Utility Vehicle,,Traffic Control Disregarded,Unspecified,
4408118,Sedan,Station Wagon/Sport Utility Vehicle,,Unspecified,Unspecified,
4408242,Station Wagon/Sport Utility Vehicle,Station Wagon/Sport Utility Vehicle,,Unspecified,Unspecified,
4407798,Station Wagon/Sport Utility Vehicle,Sedan,,Following Too Closely,Unspecified,
4407797,,,,Driver Inattention/Distraction,,
4407349,Station Wagon/Sport Utility Vehicle,Sedan,Sedan,Failure to Yield Right-of-Way,Unspecified,Unspecified
4408032,Sedan,,,Driver Inattention/Distraction,,
4407478,Sedan,Sedan,,Driver Inattention/Distraction,Driver Inattention/Distraction,
4407924,Sedan,,,Failure to Yield Right-of-Way,,
4408315,Ambulance,,,Turning Improperly,,
4407892,Sedan,,,Driver Inattention/Distraction,Unspecified,
4408280,Sedan,Station Wagon/Sport Utility Vehicle,,Driver Inattention/Distraction,Unspecified,
4408403,Sedan,,,Unspecified,,
4407753,Station Wagon/Sport Utility Vehicle,Garbage or Refuse,,Reaction to Uninvolved Vehicle,Driver Inattention/Distraction,
4408003,Sedan,Station Wagon/Sport Utility Vehicle,Sedan,Unspecified,Unspecified,Unspecified
4407525,Sedan,Station Wagon/Sport Utility Vehicle,,Unspecified,Unspecified,
4407817,Station Wagon/Sport Utility Vehicle,Station Wagon/Sport Utility Vehicle,,Unsafe Speed,Failure to Yield Right-of-Way,
4407539,Station Wagon/Sport Utility Vehicle,PK,,Driver Inattention/Distraction,Unspecified,
4455944,Sedan,Sedan,,Unspecified,Unspecified,
4407830,Sedan,,,Failure to Yield Right-of-Way,,
4407282,Tow Truck / Wrecker,Dump,,Unspecified,Unspecified,
4407688,Station Wagon/Sport Utility Vehicle,Sedan,,Driver Inexperience,Unspecified,
4407701,Sedan,,,Driver Inattention/Distraction,,
4407728,Sedan,,,Driver Inattention/Distraction,Unspecified,
4408052,Station Wagon/Sport Utility Vehicle,Sedan,,Following Too Closely,Unspecified,
4407849,Sedan,Sedan,,Failure to Yield Right-of-Way,Unspecified,
4407291,Sedan,Station Wagon/Sport Utility Vehicle,Sedan,Unspecified,Unspecified,Unspecified
4408356,Sedan,Sedan,E-Scooter,Failure to Yield Right-of-Way,Unspecified,Unspecified
4407245,Station Wagon/Sport Utility Vehicle,Station Wagon/Sport Utility Vehicle,,Failure to Yield Right-of-Way,Unspecified,
4408332,Sedan,Station Wagon/Sport Utility Vehicle,Station Wagon/Sport Utility Vehicle,Passing Too Closely,Unspecified,Unspecified
4407929,Sedan,Sedan,,Driver Inattention/Distraction,Unspecified,
4407425,Station Wagon/Sport Utility Vehicle,Station Wagon/Sport Utility Vehicle,,Driver Inattention/Distraction,Unspecified,
4408123,Station Wagon/Sport Utility Vehicle,Sedan,,Driver Inattention/Distraction,Unspecified,
4408290,,,,Failure to Yield Right-of-Way,,
4408412,Sedan,,,Unspecified,,
4407770,Station Wagon/Sport Utility Vehicle,Sedan,Station Wagon/Sport Utility Vehicle,Reaction to Uninvolved Vehicle,Unspecified,Unspecified
4407554,Sedan,,,Passing Too Closely,Unspecified,
4407502,Station Wagon/Sport Utility Vehicle,Sedan,,Steering Failure,Unspecified,
4408044,Sedan,,,Unspecified,,
4407277,Taxi,,,Driver Inattention/Distraction,,
4407834,Sedan,,,Driver Inattention/Distraction,Unspecified,
4407338,Station Wagon/Sport Utility Vehicle,Sedan,,View Obstructed/Limited,Unspecified,
4407683,Station Wagon/Sport Utility Vehicle,,,Backing Unsafely,Unspecified,
4407829,Station Wagon/Sport Utility Vehicle,Station Wagon/Sport Utility Vehicle,,Failure to Yield Right-of-Way,Turning Improperly,
4456397,Motorcycle,,,Unspecified,,
4407496,Station Wagon/Sport Utility Vehicle,Station Wagon/Sport Utility Vehicle,,Driver Inexperience,Unspecified,
4407609,Sedan,,,Unspecified,,
4407441,Station Wagon/Sport Utility Vehicle,E-Scooter,,Driver Inattention/Distraction,Driver Inattention/Distraction,
4407689,Sedan,Sedan,,Unspecified,Unspecified,
4407861,Station Wagon/Sport Utility Vehicle,Sedan,,Unspecified,Unspecified,
4407350,Sedan,,,Unspecified,,
4407721,Sedan,,,Unspecified,,
4407381,Station Wagon/Sport Utility Vehicle,Bike,,Pedestrian/Bicyclist/Other Pedestrian Error/Confusion,Unspecified,
4407653,Station Wagon/Sport Utility Vehicle,,,Unspecified,,
4407896,Sedan,,,Passing Too Closely,Unspecified,
4407914,Sedan,Taxi,,Alcohol Involvement,Unspecified,
4407512,Sedan,E-Bike,,Driver Inexperience,Unspecified,
4408427,Sedan,,,Unspecified,,
4407532,E-Bike,Sedan,,Failure to Yield Right-of-Way,Driver Inexperience,
4407856,Station Wagon/Sport Utility Vehicle,Sedan,,Driver Inattention/Distraction,Unspecified,
4407729,Van,Sedan,Sedan,Unspecified,Unspecified,Unspecified
4407789,Station Wagon/Sport Utility Vehicle,Bike,,Pedestrian/Bicyclist/Other Pedestrian Error/Confusion,Unspecified,
4408129,Sedan,Station Wagon/Sport Utility Vehicle,,Backing Unsafely,Unspecified,
4407576,Station Wagon/Sport Utility Vehicle,,,Failure to Yield Right-of-Way,,
4408193,Ambulance,Station Wagon/Sport Utility Vehicle,,View Obstructed/Limited,Unspecified,
4407643,Sedan,,,Driver Inattention/Distraction,Unspecified,
4407414,Sedan,Bike,,Driver Inattention/Distraction,Driver Inattention/Distraction,
4407623,Station Wagon/Sport Utility Vehicle,Motorcycle,,Passing or Lane Usage Improper,Unspecified,
4407436,Sedan,,,Driver Inattention/Distraction,Unspecified,
4408063,Station Wagon/Sport Utility Vehicle,,,Driver Inattention/Distraction,,
4407388,Sedan,Sedan,,Driver Inattention/Distraction,Unspecified,
4407766,Station Wagon/Sport Utility Vehicle,,,Unspecified,,
4407901,Station Wagon/Sport Utility Vehicle,,,Passing or Lane Usage Improper,Unspecified,
4407486,Sedan,,,Unspecified,,
4408264,Moped,Station Wagon/Sport Utility Vehicle,,Driver Inattention/Distraction,Unspecified,
4408155,Sedan,Sedan,,Unspecified,Unspecified,
4407598,Station Wagon/Sport Utility Vehicle,Station Wagon/Sport Utility Vehicle,,Backing Unsafely,Unspecified,
4407866,Station Wagon/Sport Utility Vehicle,Sedan,,Driver Inexperience,Unspecified,
4407452,Sedan,Sedan,,Driver Inattention/Distraction,Unspecified,
4407809,Tractor Truck Diesel,Sedan,,Driver Inattention/Distraction,Driver Inattention/Distraction,
4407393,Sedan,Tractor Truck Gasoline,,Passing or Lane Usage Improper,Following Too Closely,
4407453,Sedan,Sedan,,Driver Inattention/Distraction,Unspecified,
4407431,Sedan,,,Unspecified,,
4407632,Sedan,Sedan,,Unspecified,Unspecified,
4407841,Sedan,Sedan,,Turning Improperly,Turning Improperly,
4407096,Sedan,Station Wagon/Sport Utility Vehicle,,Traffic Control Disregarded,Unspecified,
4407658,Sedan,Station Wagon/Sport Utility Vehicle,,Driver Inattention/Distraction,Unspecified,
4407976,Station Wagon/Sport Utility Vehicle,Bus,,Backing Unsafely,Unspecified,
4407714,Sedan,Bike,,Unsafe Speed,Unspecified,Unspecified
4407568,Sedan,Sedan,,Passing Too Closely,Unspecified,
4407707,AMBULANCE,Station Wagon/Sport Utility Vehicle,,Passing or Lane Usage Improper,Unspecified,
4407154,Sedan,,,Unspecified,,
4407637,Sedan,,,Unspecified,,
4407354,Station Wagon/Sport Utility Vehicle,,,Failure to Yield Right-of-Way,,
4407852,Sedan,Box Truck,,Driver Inattention/Distraction,Unspecified,
4408249,Sedan,,,Unspecified,,
4456019,Sedan,,,Unspecified,,
4408215,Sedan,Station Wagon/Sport Utility Vehicle,,Driver Inexperience,Unspecified,
4408027,Sedan,Station Wagon/Sport Utility Vehicle,,Driver Inattention/Distraction,Unspecified,
4407794,Sedan,Sedan,Station Wagon/Sport Utility Vehicle,Driver Inattention/Distraction,Unspecified,Unspecified
4407997,Taxi,,,Unspecified,Unspecified,
4407408,Sedan,,,Driver Inattention/Distraction,,
4408313,Sedan,,,Unspecified,,
4408402,Station Wagon/Sport Utility Vehicle,Sedan,,Driver Inattention/Distraction,View Obstructed/Limited,
4407702,Sedan,,,Unspecified,,
4407762,Sedan,Sedan,,Failure to Yield Right-of-Way,Unspecified,
4407297,Station Wagon/Sport Utility Vehicle,Bus,,Passing Too Closely,Unspecified,
4408100,Sedan,,,Unspecified,,
4407805,Station Wagon/Sport Utility Vehicle,,,Turning Improperly,,
4407367,Sedan,,,Unspecified,Unspecified,
4407837,Station Wagon/Sport Utility Vehicle,Sedan,,Passing Too Closely,Unspecified,
4407548,Taxi,Sedan,Sedan,Failure to Yield Right-of-Way,Unsafe Speed,Unspecified
4407820,Trailer,Station Wagon/Sport Utility Vehicle,,Unspecified,Unspecified,
4456635,Sedan,Bike,,View Obstructed/Limited,View Obstructed/Limited,
4408150,Sedan,Bike,,Unspecified,Unspecified,
4407842,Sedan,Sedan,,Following Too Closely,Unspecified,
4407673,Station Wagon/Sport Utility Vehicle,Station Wagon/Sport Utility Vehicle,,Pavement Slippery,Unspecified,
4407278,Taxi,Sedan,,Unspecified,Unspecified,
4407459,Van,,,Driver Inattention/Distraction,,
4407514,Bus,,,Unspecified,,
4408367,Sedan,Sedan,,Driver Inattention/Distraction,Unspecified,
4407313,Sedan,Sedan,,Driver Inattention/Distraction,Unspecified,
4407396,Station Wagon/Sport Utility Vehicle,Station Wagon/Sport Utility Vehicle,,Unspecified,Unspecified,
4408053,Station Wagon/Sport Utility Vehicle,,,Backing Unsafely,Unspecified,
4407642,Taxi,,,Pedestrian/Bicyclist/Other Pedestrian Error/Confusion,,
4407774,Station Wagon/Sport Utility Vehicle,,,Unspecified,Unspecified,
4407967,Sedan,Taxi,,Unspecified,Unspecified,
4407915,Station Wagon/Sport Utility Vehicle,Station Wagon/Sport Utility Vehicle,,Driver Inattention/Distraction,Unspecified,
4408033,,,,Unspecified,,
4408308,Sedan,Station Wagon/Sport Utility Vehicle,,Following Too Closely,Turning Improperly,
4407732,Van,Sedan,,Driver Inattention/Distraction,Unspecified,
4407602,Box Truck,,,Passing or Lane Usage Improper,,
4407959,Taxi,,,Unspecified,,
4408397,Sedan,Pick-up Truck,,Unspecified,Unspecified,
4408067,Sedan,,,Unspecified,,
4408119,Taxi,,,Failure to Yield Right-of-Way,Unspecified,
4408359,Sedan,Dump,,Driver Inattention/Distraction,Oversized Vehicle,
4407816,Pick-up Truck,Pick-up Truck,,Brakes Defective,Unspecified,
4407543,Sedan,Station Wagon/Sport Utility Vehicle,,Driver Inattention/Distraction,Unspecified,
4407801,Station Wagon/Sport Utility Vehicle,Box Truck,,Driver Inattention/Distraction,Unspecified,
4455856,Station Wagon/Sport Utility Vehicle,Station Wagon/Sport Utility Vehicle,,Obstruction/Debris,Driver Inexperience,
4408093,Sedan,Tractor Truck Diesel,,Oversized Vehicle,Unspecified,
4407475,Motorcycle,,,Animals Action,,
4408113,Station Wagon/Sport Utility Vehicle,Sedan,,Passing Too Closely,Passing Too Closely,
4407923,Station Wagon/Sport Utility Vehicle,Sedan,Sedan,Driver Inattention/Distraction,Unspecified,Unspecified
4407741,Station Wagon/Sport Utility Vehicle,Sedan,,Traffic Control Disregarded,Unspecified,
4407647,Station Wagon/Sport Utility Vehicle,Bike,,Unspecified,Unspecified,
4407909,Station Wagon/Sport Utility Vehicle,,,Passing Too Closely,Unspecified,
4407604,Sedan,Concrete Mixer,,Driver Inattention/Distraction,Unspecified,
4407752,Sedan,,,Driver Inattention/Distraction,,
4407380,Station Wagon/Sport Utility Vehicle,Multi-Wheeled Vehicle,,Failure to Yield Right-of-Way,Unspecified,
4408037,Sedan,Bike,,Unspecified,Unspecified,
4408416,Station Wagon/Sport Utility Vehicle,,,Passing or Lane Usage Improper,Unspecified,
4407549,Sedan,Box Truck,,Passing Too Closely,Unspecified,
4408227,Taxi,Sedan,,Driver Inattention/Distraction,Unspecified,
4407897,Station Wagon/Sport Utility Vehicle,,,Passing or Lane Usage Improper,Unspecified,
4408164,Sedan,Sedan,,Failure to Yield Right-of-Way,Unspecified,
4408085,Sedan,,,Unspecified,,
4408028,Sedan,Sedan,Box Truck,Unsafe Lane Changing,Unspecified,Unspecified
4407580,Sedan,Sedan,Sedan,Unspecified,Unspecified,Unspecified
4407400,Sedan,,,Turning Improperly,Unspecified,
4408128,Station Wagon/Sport Utility Vehicle,,,Unspecified,Unspecified,
4408391,Sedan,Taxi,,Outside Car Distraction,Driver Inattention/Distraction,
4408204,Sedan,,,Unspecified,Unspecified,
4407870,Sedan,Sedan,,Turning Improperly,Turning Improperly,
4407524,Sedan,,,Unspecified,,
4408353,Lift Boom,Station Wagon/Sport Utility Vehicle,,Driver Inattention/Distraction,Unspecified,
4407445,Sedan,Motorcycle,,Reaction to Uninvolved Vehicle,Following Too Closely,
4408056,Sedan,,,Unspecified,Unspecified,
4407327,Sedan,Station Wagon/Sport Utility Vehicle,,Unspecified,Unspecified,
4407784,Sedan,,,Driver Inattention/Distraction,Unspecified,
4407928,Bike,,,Driver Inattention/Distraction,,
4407454,Station Wagon/Sport Utility Vehicle,Station Wagon/Sport Utility Vehicle,,Driver Inattention/Distraction,Unspecified,
4407372,Station Wagon/Sport Utility Vehicle,,,Unspecified,Unspecified,
4407444,Station Wagon/Sport Utility Vehicle,Station Wagon/Sport Utility Vehicle,,Reaction to Uninvolved Vehicle,Unspecified,
4407412,Taxi,Sedan,,Reaction to Uninvolved Vehicle,Unspecified,
4407119,Station Wagon/Sport Utility Vehicle,Station Wagon/Sport Utility Vehicle,,Unsafe Lane Changing,Unspecified,
4407660,Station Wagon/Sport Utility Vehicle,Station Wagon/Sport Utility Vehicle,,Unspecified,Unspecified,
4408154,Sedan,,,Illnes,,
4407773,Sedan,Sedan,Sedan,Unsafe Speed,Unspecified,Unspecified
4407567,Sedan,Station Wagon/Sport Utility Vehicle,,Driver Inattention/Distraction,Unspecified,
4407938,Pick-up Truck,Sedan,,Following Too Closely,Unspecified,
4407713,Sedan,,,Unsafe Speed,Unspecified,
4408208,Station Wagon/Sport Utility Vehicle,Station Wagon/Sport Utility Vehicle,,Alcohol Involvement,Unspecified,
4408043,Sedan,,,Unsafe Speed,Unspecified,
4408233,Station Wagon/Sport Utility Vehicle,,,Unspecified,,
4407990,Sedan,,,Failure to Yield Right-of-Way,,
4408331,Sedan,Bike,,Failure to Yield Right-of-Way,Unspecified,
4407698,Station Wagon/Sport Utility Vehicle,,,Driver Inattention/Distraction,,
4407825,Sedan,fire truck,,Unspecified,Unspecified,
4408122,Station Wagon/Sport Utility Vehicle,Sedan,,Unspecified,Unspecified,
4407843,Sedan,,,Driver Inattention/Distraction,,
4407489,Station Wagon/Sport Utility Vehicle,Sedan,,Passing or Lane Usage Improper,Unspecified,
4407332,Sedan,Sedan,,Unspecified,Unspecified,
4407506,Taxi,Station Wagon/Sport Utility Vehicle,,Unspecified,Unspecified,
4407677,Sedan,Box Truck,,Other Vehicular,Other Vehicular,
4407359,Sedan,,,Reaction to Uninvolved Vehicle,,
4407696,Sedan,Sedan,Sedan,Unspecified,Unspecified,Unspecified
4407857,Sedan,Bike,,Unspecified,Unspecified,
4407490,Station Wagon/Sport Utility Vehicle,Sedan,,Failure to Yield Right-of-Way,Unspecified,
4407788,Station Wagon/Sport Utility Vehicle,,,Unspecified,,
4408379,Station Wagon/Sport Utility Vehicle,,,Unspecified,,
4408103,Station Wagon/Sport Utility Vehicle,Sedan,,Driver Inattention/Distraction,Unspecified,
4407836,Sedan,,,Other Vehicular,,
4407815,Station Wagon/Sport Utility Vehicle,Station Wagon/Sport Utility Vehicle,,Failure to Yield Right-of-Way,Unspecified,
4408375,Sedan,Sedan,,Unspecified,Unspecified,
4407331,Station Wagon/Sport Utility Vehicle,Station Wagon/Sport Utility Vehicle,,Unspecified,,
4407686,Sedan,Sedan,,Unspecified,Unspecified,
4408309,Station Wagon/Sport Utility Vehicle,Box Truck,,Passing Too Closely,Unspecified,
4408068,Station Wagon/Sport Utility Vehicle,,,Unspecified,,
4407353,Bike,Station Wagon/Sport Utility Vehicle,,Following Too Closely,Unspecified,
4407433,Station Wagon/Sport Utility Vehicle,,,Turning Improperly,Unspecified,
4407566,Sedan,,,Other Vehicular,,
4408026,Sedan,,,Unspecified,Unspecified,
4407651,Sedan,,,Unspecified,,
4407296,Sedan,,,Unspecified,,
4407804,Station Wagon/Sport Utility Vehicle,Station Wagon/Sport Utility Vehicle,,Following Too Closely,Unspecified,
4407242,Station Wagon/Sport Utility Vehicle,Bike,,Pedestrian/Bicyclist/Other Pedestrian Error/Confusion,Unspecified,
4407858,Sedan,Station Wagon/Sport Utility Vehicle,,Driver Inattention/Distraction,Unspecified,
4407795,Sedan,,,Unspecified,,
4407347,Sedan,Station Wagon/Sport Utility Vehicle,,Traffic Control Disregarded,Unspecified,
4408059,Sedan,Station Wagon/Sport Utility Vehicle,,Driver Inattention/Distraction,Unspecified,
4408114,Station Wagon/Sport Utility Vehicle,Sedan,,Driver Inattention/Distraction,Unspecified,
4408312,Bus,Sedan,,Passing Too Closely,Passing Too Closely,
4407922,Sedan,Sedan,,Unsafe Speed,Unspecified,
4407342,Station Wagon/Sport Utility Vehicle,Station Wagon/Sport Utility Vehicle,,Traffic Control Disregarded,Unspecified,
4407619,Pick-up Truck,Station Wagon/Sport Utility Vehicle,,Driver Inattention/Distraction,Driver Inattention/Distraction,
4408297,Station Wagon/Sport Utility Vehicle,,,Passing Too Closely,Unspecified,
4408231,Sedan,,,Passing Too Closely,Unspecified,
4408106,Sedan,,,Unspecified,,
4408257,Station Wagon/Sport Utility Vehicle,,,Unspecified,,
4407672,Tractor Truck Diesel,Tractor Truck Diesel,,Driver Inattention/Distraction,Unspecified,
4407832,Sedan,Chassis Cab,,Driver Inattention/Distraction,Unspecified,
4407612,Station Wagon/Sport Utility Vehicle,Station Wagon/Sport Utility Vehicle,,Unspecified,Unspecified,
4407864,Sedan,Sedan,,Driver Inattention/Distraction,Unspecified,
4408054,Sedan,,,Driver Inattention/Distraction,Unspecified,
4408389,Sedan,Station Wagon/Sport Utility Vehicle,Sedan,Traffic Control Disregarded,Unspecified,Unspecified
4407724,Sedan,Station Wagon/Sport Utility Vehicle,,Driver Inattention/Distraction,Unspecified,
4407942,Station Wagon/Sport Utility Vehicle,,,Unspecified,,
4456714,Sedan,Sedan,,Failure to Yield Right-of-Way,Other Vehicular,
4408197,E-Bike,Sedan,,Failure to Yield Right-of-Way,Unspecified,
4407847,Station Wagon/Sport Utility Vehicle,Van,,Driver Inexperience,Turning Improperly,
4408120,Sedan,Sedan,,Unspecified,,
4407668,Sedan,Sedan,,Failure to Yield Right-of-Way,View Obstructed/Limited,
4407570,Sedan,,,Unspecified,Unspecified,
4407917,Sedan,Station Wagon/Sport Utility Vehicle,,Turning Improperly,Unspecified,
4408151,Station Wagon/Sport Utility Vehicle,,,Unspecified,Unspecified,
4408034,Box Truck,Sedan,Station Wagon/Sport Utility Vehicle,Unspecified,Unspecified,Unspecified
4407998,Sedan,Taxi,,Unsafe Speed,Turning Improperly,
4407410,scooter,,,Aggressive Driving/Road Rage,Unspecified,
4408112,Station Wagon/Sport Utility Vehicle,,,Unspecified,,
4407731,Sedan,Sedan,,Passing or Lane Usage Improper,Unspecified,
4408095,Sedan,Station Wagon/Sport Utility Vehicle,,Failure to Yield Right-of-Way,Unspecified,
4456465,E-Bike,Sedan,,Failure to Yield Right-of-Way,Unspecified,
4407470,CATER,Station Wagon/Sport Utility Vehicle,,Driver Inattention/Distraction,Unspecified,
4408360,Station Wagon/Sport Utility Vehicle,Station Wagon/Sport Utility Vehicle,,Driver Inattention/Distraction,Unspecified,
4408126,Bus,Sedan,,Traffic Control Disregarded,Unspecified,
4407395,Sedan,Sedan,,Passing Too Closely,Unspecified,
4407904,Sedan,Sedan,,Failure to Yield Right-of-Way,Unspecified,
4408288,Taxi,,,Driver Inattention/Distraction,,
4407363,Sedan,Sedan,,Following Too Closely,Unspecified,
4407641,Sedan,Station Wagon/Sport Utility Vehicle,,Driver Inattention/Distraction,Unspecified,
4408140,Sedan,Sedan,,Traffic Control Disregarded,Unspecified,
4408226,Station Wagon/Sport Utility Vehicle,E-Bike,,Unspecified,Unspecified,
4407500,Sedan,,,Unspecified,,
4407558,Sedan,,,Unspecified,Unspecified,
4407421,Station Wagon/Sport Utility Vehicle,,,Passing or Lane Usage Improper,Unspecified,
4407743,Sedan,Sedan,Station Wagon/Sport Utility Vehicle,Driver Inattention/Distraction,Unspecified,Unspecified
4408261,Station Wagon/Sport Utility Vehicle,,,Unspecified,Unspecified,
4407450,Sedan,,,Unspecified,,
4407812,Sedan,,,Unspecified,,
4407676,Sedan,,,Driver Inattention/Distraction,,
4407807,Box Truck,Sedan,,Driver Inattention/Distraction,Unspecified,
4407699,Sedan,Sedan,,Other Vehicular,Following Too Closely,
4407135,Pick-up Truck,Sedan,Station Wagon/Sport Utility Vehicle,Alcohol Involvement,Unspecified,Unspecified
4407661,Sedan,Sedan,,Driver Inattention/Distraction,Unspecified,
4407930,Sedan,FDNY TRUCK,,Turning Improperly,Unspecified,
4407844,Sedan,Station Wagon/Sport Utility Vehicle,,Passing or Lane Usage Improper,Unspecified,
4407630,Station Wagon/Sport Utility Vehicle,,,Driver Inattention/Distraction,Unspecified,
4407516,FDNY Ambul,Pick-up Truck,,Unsafe Lane Changing,Unspecified,
4407911,Sedan,Station Wagon/Sport Utility Vehicle,Station Wagon/Sport Utility Vehicle,Following Too Closely,Driver Inexperience,Unspecified
4456516,Sedan,,,Driver Inattention/Distraction,,
4407839,Pick-up Truck,Sedan,,Driver Inattention/Distraction,Unspecified,
4408084,Sedan,Bike,,Driver Inattention/Distraction,Unspecified,
4407510,Sedan,Sedan,,Unspecified,,
4407992,Sedan,,,Backing Unsafely,,
4408252,Sedan,,,Backing Unsafely,Unspecified,
4408221,Sedan,Sedan,,Unspecified,Unspecified,
4408030,Station Wagon/Sport Utility Vehicle,,,Driver Inattention/Distraction,,
4407646,Sedan,,,Failure to Yield Right-of-Way,,
4407571,Station Wagon/Sport Utility Vehicle,Sedan,,Unspecified,Unspecified,
4407908,Station Wagon/Sport Utility Vehicle,Sedan,,Driver Inattention/Distraction,Unspecified,
4407427,Sedan,Sedan,Sedan,Driver Inattention/Distraction,Unspecified,Unspecified
4408409,Station Wagon/Sport Utility Vehicle,Van,,Other Vehicular,Turning Improperly,
4408121,Sedan,Sedan,,Driver Inattention/Distraction,Unspecified,
4407954,Sedan,Sedan,,Driver Inattention/Distraction,Unspecified,
4407438,Sedan,,,Driver Inattention/Distraction,Unspecified,
4408419,Sedan,Sedan,,Passing Too Closely,Unspecified,
4408036,Station Wagon/Sport Utility Vehicle,,,Failure to Yield Right-of-Way,Unspecified,
4407871,Sedan,,,Unspecified,,
4407551,Sedan,,,Passing Too Closely,Unspecified,
4407341,Sedan,Sedan,,Driver Inattention/Distraction,Unspecified,
4408040,Station Wagon/Sport Utility Vehicle,,,Unspecified,Unspecified,
4408069,Taxi,Bus,,Driver Inattention/Distraction,Unspecified,
4408267,Pick-up Truck,,,Passing or Lane Usage Improper,Unspecified,
4407358,Station Wagon/Sport Utility Vehicle,Station Wagon/Sport Utility Vehicle,,Driver Inattention/Distraction,Unspecified,
4455876,Sedan,Sedan,,Driver Inattention/Distraction,Unspecified,
4407695,3-Door,Station Wagon/Sport Utility Vehicle,,Passing Too Closely,Unspecified,
4407265,Station Wagon/Sport Utility Vehicle,,,Unspecified,,
4408300,Taxi,Station Wagon/Sport Utility Vehicle,,Following Too Closely,Unspecified,
4407768,Sedan,E-Scooter,,Driver Inattention/Distraction,Unspecified,
4407680,Sedan,Sedan,,Traffic Control Disregarded,Unspecified,
4408304,Sedan,,,Traffic Control Disregarded,Unspecified,
4407740,Station Wagon/Sport Utility Vehicle,,,Turning Improperly,,
4407822,Sedan,,,Driver Inattention/Distraction,Unspecified,
4407712,Station Wagon/Sport Utility Vehicle,Station Wagon/Sport Utility Vehicle,,Unspecified,,
